{"cameraMode":{"drawMode":0,"name":"Shaded","section":"Shading Mode"},"sceneLighting":true,"audioPlay":false,"sceneViewState":{"showFog":true,"showMaterialUpdate":true,"showSkybox":true,"showFlares":true,"showImageEffects":true,"showParticleSystems":true},"in2DMode":false,"pivot":{"x":-1.3407353162765504,"y":0.42282795906066897,"z":6.853742599487305},"rotation":{"x":-0.5679622292518616,"y":-0.1549423635005951,"z":0.10993824154138565,"w":-0.8009778261184692},"size":8.573651313781739,"orthographic":false}