{"cameraMode":{"drawMode":0,"name":"Shaded","section":"Shading Mode"},"sceneLighting":false,"audioPlay":false,"sceneViewState":{"showFog":true,"showMaterialUpdate":true,"showSkybox":false,"showFlares":true,"showImageEffects":true,"showParticleSystems":true},"in2DMode":false,"pivot":{"x":-1.8113664388656617,"y":1.6217460632324219,"z":28.18376922607422},"rotation":{"x":0.003139789216220379,"y":-0.9847907423973084,"z":0.017531534656882287,"w":0.1734333336353302},"size":5.804473400115967,"orthographic":false}