{"cameraMode":{"drawMode":0,"name":"Shaded","section":"Shading Mode"},"sceneLighting":false,"audioPlay":false,"sceneViewState":{"showFog":true,"showMaterialUpdate":true,"showSkybox":false,"showFlares":true,"showImageEffects":true,"showParticleSystems":true},"in2DMode":false,"pivot":{"x":-1.559999942779541,"y":1.0099999904632569,"z":18.979999542236329},"rotation":{"x":-0.017427220940589906,"y":0.9076229929924011,"z":-0.417711466550827,"w":-0.037868741899728778},"size":4.041658401489258,"orthographic":false}