{"cameraMode":{"drawMode":0,"name":"Shaded","section":"Shading Mode"},"sceneLighting":false,"audioPlay":false,"sceneViewState":{"showFog":true,"showMaterialUpdate":true,"showSkybox":false,"showFlares":true,"showImageEffects":true,"showParticleSystems":true},"in2DMode":false,"pivot":{"x":-1.6699998378753663,"y":1.6000001430511475,"z":26.670000076293947},"rotation":{"x":0.03681655600667,"y":-0.0015033162198960782,"z":0.00005684801726602018,"w":0.9993209838867188},"size":2.845252275466919,"orthographic":false}